Type,File,"Size, bytes"
figure,Fig_2_1.png,156522
figure,Fig_3_1.png,295336
figure,Fig_3_2.png,244117
figure,Fig_3_3.png,419114
figure,Fig_3_4.png,313720
figure,Fig_3_5.png,118249
figure,Fig_3_6.png,139748
figure,Fig_3_7.png,118944
figure,Fig_3_8.png,150662
figure,Fig_3_9.png,140855
figure,Fig_4_1.png,44096
figure,Fig_4_2.png,204161
figure,Fig_4_3.png,182998
figure,Fig_4_4.png,128153
figure,Fig_4_5.png,109223
figure,Fig_5_1.png,142970
figure,Fig_5_10.png,169145
figure,Fig_5_11.png,132679
figure,Fig_5_12.png,100949
figure,Fig_5_13.png,199661
figure,Fig_5_14.png,220815
figure,Fig_5_2.png,126356
figure,Fig_5_3.png,139754
figure,Fig_5_4.png,247284
figure,Fig_5_5.png,124936
figure,Fig_5_6.png,103194
figure,Fig_5_7.png,127974
figure,Fig_5_8.png,340108
figure,Fig_5_9.png,77196
figure,Fig_A_1.png,108547
figure,Fig_A_2.png,23942
figure,Fig_A_3.png,121847
figure,Fig_B_1.png,255485
figure,Fig_B_2.png,50066
figure,Fig_B_3.png,175548
figure,Fig_B_4.png,29439
figure,Fig_B_5.png,405674
figure,Fig_B_6.png,239755
table,Diagnostic_Appendix_B_dAICc.csv,237
table,Diagnostic_Table_7_1_GLS.csv,115
table,Diagnostic_partial_screening.csv,96
table,Output_manifest.csv,2024
table,Table_2_1.csv,260
table,Table_2_2.csv,152
table,Table_3_1.csv,308
table,Table_3_2.csv,182
table,Table_3_3.csv,624
table,Table_3_3a.csv,604
table,Table_3_4.csv,256
table,Table_4_1.csv,484
table,Table_4_2.csv,157
table,Table_5_1.csv,274
table,Table_5_2.csv,228
table,Table_6_2.csv,488
table,Table_7_1.csv,398
table,Table_A_1.csv,171
table,Table_A_2.csv,322
table,Table_B_1.csv,582
table,Table_B_2.csv,667
table,Table_B_3.csv,360
table,Table_E_1.csv,1175
table,Table_E_2.csv,1172
table,Table_S4_2_fixed_k_sensitivity.csv,502
table,Table_S5_5_band_sensitivity.csv,147
table,Table_S5_6_grid_sensitivity.csv,281
table,Table_S5_7_bootstrap_selection.csv,165
table,Table_S7_1_GLS_parameter_sensitivity.csv,245
table,Table_S7_2_Delta_LLA_correlation.csv,570
table,Validation_dissertation_vs_reproduced.csv,7009
table,Validation_internal_consistency.csv,1729
