Release,25,30,35,40,45,50,55,60,k_A,k_B,slope of log S
1977,2.258,2.617,2.969,3.58,4.343,4.718,4.774,4.781,3.737,4.833,1.097
1980,2.089,2.554,2.95,3.562,4.157,4.572,4.792,4.832,3.663,4.764,1.101
1983,2.162,2.648,3.14,3.573,4.081,4.509,4.79,4.911,3.692,4.688,0.996
1986,2.126,2.652,3.166,3.64,4.042,4.351,4.654,4.859,3.679,4.605,0.926
1989,2.279,2.765,3.198,3.583,3.939,4.3,4.59,4.864,3.647,4.484,0.837
1992,2.315,2.773,3.172,3.555,3.942,4.326,4.681,4.982,3.643,4.509,0.866
1995,2.285,2.761,3.072,3.488,4.012,4.448,4.817,5.05,3.64,4.592,0.952
1998,2.214,2.62,3.024,3.595,4.157,4.639,5.009,5.163,3.711,4.82,1.109
2001,2.177,2.582,3.05,3.59,4.132,4.57,5.011,5.22,3.699,4.809,1.11
2004,2.276,2.648,3.028,3.584,4.091,4.513,4.877,5.027,3.673,4.715,1.041
2007,2.302,2.613,3.006,3.606,4.131,4.476,4.701,4.871,3.666,4.686,1.019
2010,2.278,2.702,3.032,3.514,4.044,4.449,4.621,4.716,3.632,4.577,0.945
2013,2.288,2.721,2.979,3.469,4.004,4.368,4.498,4.563,3.583,4.487,0.904
2016,2.227,2.777,3.018,3.398,3.83,4.242,4.486,4.529,3.523,4.358,0.835
2019,2.229,2.784,3.152,3.56,3.94,4.242,4.412,4.54,3.62,4.407,0.786
2021,2.253,2.792,3.186,3.618,3.975,4.232,4.376,4.519,3.648,4.412,0.765
